Workbook

Sheet Модель
A1: Практическая работа по ЗЛП — Вариант 5
A2: Изделие 1 / продукт 1 (x₁) | B2: 0 | C2: 3
A3: Изделие 2 / продукт 2 (x₂) | B3: 8 | C3: 5
A5: Целевая функция W → max | B5: =B2*C2+B3*C3 -> 40
A7: Ресурс | B7: Норма x₁ | C7: Норма x₂ | D7: Запас | E7: Расход | F7: Остаток
A8: Ресурс 1 | B8: 1 | C8: 1 | D8: 8 | E8: =B8*$B$2+C8*$B$3 -> 8 | F8: =D8-E8 -> 0
A9: Ресурс 2 | B9: 2 | C9: 1 | D9: 10 | E9: =B9*$B$2+C9*$B$3 -> 8 | F9: =D9-E9 -> 2
A11: Контроль: расходы не должны превышать запасы; остатки равны добавочным переменным канонической формы.
A12: Текущий результат | B12: x₁ | C12: x₂ | D12: W | E12: Остаток ресурса 1 | F12: Остаток ресурса 2
A13: Контрольное решение | B13: =B2 -> 0 | C13: =B3 -> 8 | D13: =B5 -> 40 | E13: =F8 -> 0 | F13: =F9 -> 2

Sheet Вершины
A1: Проверка вершин области допустимых решений — Вариант 5
A2: Координаты вершин заданы по построенной области допустимых решений; значения цели и расходов рассчитываются формулами.
A4: Вершина | B4: x₁ | C4: x₂ | D4: W | E4: Расход R1 | F4: Запас R1 | G4: Остаток R1 | H4: Расход R2 | I4: Запас R2 | J4: Остаток R2 | K4: Допустима
A5: O | B5: 0 | C5: 0 | D5: =B5*Модель!$C$2+C5*Модель!$C$3 -> 0 | E5: =Модель!$B$8*B5+Модель!$C$8*C5 -> 0 | F5: =Модель!$D$8 -> 8 | G5: =F5-E5 -> 8 | H5: =Модель!$B$9*B5+Модель!$C$9*C5 -> 0 | I5: =Модель!$D$9 -> 10 | J5: =I5-H5 -> 10 | K5: Да
A6: A | B6: 5 | C6: 0 | D6: =B6*Модель!$C$2+C6*Модель!$C$3 -> 15 | E6: =Модель!$B$8*B6+Модель!$C$8*C6 -> 5 | F6: =Модель!$D$8 -> 8 | G6: =F6-E6 -> 3 | H6: =Модель!$B$9*B6+Модель!$C$9*C6 -> 10 | I6: =Модель!$D$9 -> 10 | J6: =I6-H6 -> 0 | K6: Да
A7: B | B7: 2 | C7: 6 | D7: =B7*Модель!$C$2+C7*Модель!$C$3 -> 36 | E7: =Модель!$B$8*B7+Модель!$C$8*C7 -> 8 | F7: =Модель!$D$8 -> 8 | G7: =F7-E7 -> 0 | H7: =Модель!$B$9*B7+Модель!$C$9*C7 -> 10 | I7: =Модель!$D$9 -> 10 | J7: =I7-H7 -> 0 | K7: Да
A8: C | B8: 0 | C8: 8 | D8: =B8*Модель!$C$2+C8*Модель!$C$3 -> 40 | E8: =Модель!$B$8*B8+Модель!$C$8*C8 -> 8 | F8: =Модель!$D$8 -> 8 | G8: =F8-E8 -> 0 | H8: =Модель!$B$9*B8+Модель!$C$9*C8 -> 8 | I8: =Модель!$D$9 -> 10 | J8: =I8-H8 -> 2 | K8: Да
A10: Максимальное значение W среди вершин | B10: =MAX(D5:D8) -> 40
A11: Контрольное значение | B11: 40
A12: Примечание | B12: Для варианта 5 точка (2; 6) даёт W = 36, но максимум достигается в (0; 8) и равен 40.

Sheet Чувствительность
A1: Анализ чувствительности — Вариант 5
A3: Сценарий 1. Изменение прибыли c₁; оптимальный план сохраняется до c₁ = 5
A4: c₁ | B4: x₁ | C4: x₂ | D4: W | E4: Теневая цена y₁ | F4: Теневая цена y₂
A5: 1 | B5: 0 | C5: =MIN(Модель!$D$8,Модель!$D$9) -> 8 | D5: =A5*B5+Модель!$C$3*C5 -> 40 | E5: 5 | F5: 0
A6: 2 | B6: 0 | C6: =MIN(Модель!$D$8,Модель!$D$9) -> 8 | D6: =A6*B6+Модель!$C$3*C6 -> 40 | E6: 5 | F6: 0
A7: 3 | B7: 0 | C7: =MIN(Модель!$D$8,Модель!$D$9) -> 8 | D7: =A7*B7+Модель!$C$3*C7 -> 40 | E7: 5 | F7: 0
A8: 4 | B8: 0 | C8: =MIN(Модель!$D$8,Модель!$D$9) -> 8 | D8: =A8*B8+Модель!$C$3*C8 -> 40 | E8: 5 | F8: 0
A9: 5 | B9: 0 | C9: =MIN(Модель!$D$8,Модель!$D$9) -> 8 | D9: =A9*B9+Модель!$C$3*C9 -> 40 | E9: 5 | F9: 0
A11: Сценарий 2. Изменение запаса ресурса 1 b₁
A12: b₁ | B12: x₁ | C12: x₂ | D12: W | E12: Теневая цена y₁ | F12: Теневая цена y₂
A13: 6 | B13: 0 | C13: =MIN(A13,Модель!$D$9) -> 6 | D13: =Модель!$C$2*B13+Модель!$C$3*C13 -> 30 | E13: =IF(A13<10,5,"не единств.") -> 5 | F13: =IF(A13<10,0,"не единств.") -> 0
A14: 7 | B14: 0 | C14: =MIN(A14,Модель!$D$9) -> 7 | D14: =Модель!$C$2*B14+Модель!$C$3*C14 -> 35 | E14: =IF(A14<10,5,"не единств.") -> 5 | F14: =IF(A14<10,0,"не единств.") -> 0
A15: 8 | B15: 0 | C15: =MIN(A15,Модель!$D$9) -> 8 | D15: =Модель!$C$2*B15+Модель!$C$3*C15 -> 40 | E15: =IF(A15<10,5,"не единств.") -> 5 | F15: =IF(A15<10,0,"не единств.") -> 0
A16: 9 | B16: 0 | C16: =MIN(A16,Модель!$D$9) -> 9 | D16: =Модель!$C$2*B16+Модель!$C$3*C16 -> 45 | E16: =IF(A16<10,5,"не единств.") -> 5 | F16: =IF(A16<10,0,"не единств.") -> 0
A17: 10 | B17: 0 | C17: =MIN(A17,Модель!$D$9) -> 10 | D17: =Модель!$C$2*B17+Модель!$C$3*C17 -> 50 | E17: =IF(A17<10,5,"не единств.") -> не единств. | F17: =IF(A17<10,0,"не единств.") -> не единств.
A19: Сценарий 3. Изменение запаса ресурса 2 b₂
A20: b₂ | B20: x₁ | C20: x₂ | D20: W | E20: Теневая цена y₁ | F20: Теневая цена y₂
A21: 6 | B21: 0 | C21: =MIN(A21,Модель!$D$8) -> 6 | D21: =Модель!$C$2*B21+Модель!$C$3*C21 -> 30 | E21: =IF(A21<8,0,IF(A21>8,5,"не единств.")) -> 0 | F21: =IF(A21<8,5,IF(A21>8,0,"не единств.")) -> 5
A22: 7 | B22: 0 | C22: =MIN(A22,Модель!$D$8) -> 7 | D22: =Модель!$C$2*B22+Модель!$C$3*C22 -> 35 | E22: =IF(A22<8,0,IF(A22>8,5,"не единств.")) -> 0 | F22: =IF(A22<8,5,IF(A22>8,0,"не единств.")) -> 5
A23: 8 | B23: 0 | C23: =MIN(A23,Модель!$D$8) -> 8 | D23: =Модель!$C$2*B23+Модель!$C$3*C23 -> 40 | E23: =IF(A23<8,0,IF(A23>8,5,"не единств.")) -> не единств. | F23: =IF(A23<8,5,IF(A23>8,0,"не единств.")) -> не единств.
A24: 9 | B24: 0 | C24: =MIN(A24,Модель!$D$8) -> 8 | D24: =Модель!$C$2*B24+Модель!$C$3*C24 -> 40 | E24: =IF(A24<8,0,IF(A24>8,5,"не единств.")) -> 5 | F24: =IF(A24<8,5,IF(A24>8,0,"не единств.")) -> 0
A25: 10 | B25: 0 | C25: =MIN(A25,Модель!$D$8) -> 8 | D25: =Модель!$C$2*B25+Модель!$C$3*C25 -> 40 | E25: =IF(A25<8,0,IF(A25>8,5,"не единств.")) -> 5 | F25: =IF(A25<8,5,IF(A25>8,0,"не единств.")) -> 0
A27: Примечание: при c₁ = 5 оптимальны все точки от C(0; 8) до B(2; 6); при 5 < c₁ < 10 точка B лучше C, при c₁ = 10 точки A и B равнооптимальны, а при c₁ > 10 максимум достигается в A(5; 0).
A28: Теневые цены в строках b₁ = 10 и b₂ = 8 не единственны. В этих точках оба ресурса активны, но целевая функция может сохранять тот же оптимум при разных двойственных оценках.

Sheet Каноническая форма
A1: Каноническая форма — Вариант 5
A3: Задача | B3: Исходная модель | C3: Каноническая форма
A4: Вариант 5 | B4: W = 3x₁ + 5x₂ → max; x₁ + x₂ ≤ 8; 2x₁ + x₂ ≤ 10; x₁, x₂ ≥ 0 | C4: W = 3x₁ + 5x₂ → max; x₁ + x₂ + x₃ = 8; 2x₁ + x₂ + x₄ = 10; x₁, x₂, x₃, x₄ ≥ 0

Sheet Настройка Solver
A1: Настройка «Поиска решения» — Вариант 5
A3: Параметр | B3: Значение | C3: Пояснение
A4: Целевая ячейка | B4: $B$5 | C4: Ячейка формулы целевой функции
A5: Направление | B5: Максимум | C5: Найти наибольшее значение W
A6: Изменяемые ячейки | B6: $B$2:$B$3 | C6: Переменные x₁ и x₂
A7: Ограничение 1 | B7: $E$8 <= $D$8 | C7: Расход ресурса 1 не превышает запас
A8: Ограничение 2 | B8: $E$9 <= $D$9 | C8: Расход ресурса 2 не превышает запас
A9: Неотрицательность | B9: $B$2:$B$3 >= 0 | C9: Или включить соответствующий флажок
A10: Метод решения | B10: Симплекс LP | C10: Для линейной целевой функции и ограничений
A12: Как запустить: Excel → Файл → Параметры → Надстройки → Надстройки Excel → Перейти → отметить «Поиск решения». Затем Данные → Поиск решения, заполнить параметры выше и выбрать «Симплекс LP». После решения можно сохранить отчёты «Результаты», «Устойчивость» и «Пределы».
