Workbook

Sheet Модель
A1: Практическая работа по ЗЛП — Демонстрационный вариант
A2: Изделие 1 / продукт 1 (x₁) | B2: 60 | C2: 300
A3: Изделие 2 / продукт 2 (x₂) | B3: 80 | C3: 200
A5: Целевая функция W → max | B5: =B2*C2+B3*C3 -> 34000
A7: Ресурс | B7: Норма x₁ | C7: Норма x₂ | D7: Запас | E7: Расход | F7: Остаток
A8: Фрезерные станко-часы | B8: 4 | C8: 2 | D8: 400 | E8: =B8*$B$2+C8*$B$3 -> 400 | F8: =D8-E8 -> 0
A9: Токарные станко-часы | B9: 2 | C9: 3 | D9: 360 | E9: =B9*$B$2+C9*$B$3 -> 360 | F9: =D9-E9 -> 0
A11: Контроль: расходы не должны превышать запасы; остатки равны добавочным переменным канонической формы.
A12: Текущий результат | B12: x₁ | C12: x₂ | D12: W | E12: Остаток ресурса 1 | F12: Остаток ресурса 2
A13: Контрольное решение | B13: =B2 -> 60 | C13: =B3 -> 80 | D13: =B5 -> 34000 | E13: =F8 -> 0 | F13: =F9 -> 0

Sheet Вершины
A1: Проверка вершин области допустимых решений — Демонстрационный вариант
A2: Координаты вершин заданы по построенной области допустимых решений; значения цели и расходов рассчитываются формулами.
A4: Вершина | B4: x₁ | C4: x₂ | D4: W | E4: Расход R1 | F4: Запас R1 | G4: Остаток R1 | H4: Расход R2 | I4: Запас R2 | J4: Остаток R2 | K4: Допустима
A5: O | B5: 0 | C5: 0 | D5: =B5*'Модель'!$C$2+C5*'Модель'!$C$3 -> 0 | E5: ='Модель'!$B$8*B5+'Модель'!$C$8*C5 -> 0 | F5: ='Модель'!$D$8 -> 400 | G5: =F5-E5 -> 400 | H5: ='Модель'!$B$9*B5+'Модель'!$C$9*C5 -> 0 | I5: ='Модель'!$D$9 -> 360 | J5: =I5-H5 -> 360 | K5: Да
A6: A | B6: 100 | C6: 0 | D6: =B6*'Модель'!$C$2+C6*'Модель'!$C$3 -> 30000 | E6: ='Модель'!$B$8*B6+'Модель'!$C$8*C6 -> 400 | F6: ='Модель'!$D$8 -> 400 | G6: =F6-E6 -> 0 | H6: ='Модель'!$B$9*B6+'Модель'!$C$9*C6 -> 200 | I6: ='Модель'!$D$9 -> 360 | J6: =I6-H6 -> 160 | K6: Да
A7: B | B7: 60 | C7: 80 | D7: =B7*'Модель'!$C$2+C7*'Модель'!$C$3 -> 34000 | E7: ='Модель'!$B$8*B7+'Модель'!$C$8*C7 -> 400 | F7: ='Модель'!$D$8 -> 400 | G7: =F7-E7 -> 0 | H7: ='Модель'!$B$9*B7+'Модель'!$C$9*C7 -> 360 | I7: ='Модель'!$D$9 -> 360 | J7: =I7-H7 -> 0 | K7: Да
A8: C | B8: 0 | C8: 120 | D8: =B8*'Модель'!$C$2+C8*'Модель'!$C$3 -> 24000 | E8: ='Модель'!$B$8*B8+'Модель'!$C$8*C8 -> 240 | F8: ='Модель'!$D$8 -> 400 | G8: =F8-E8 -> 160 | H8: ='Модель'!$B$9*B8+'Модель'!$C$9*C8 -> 360 | I8: ='Модель'!$D$9 -> 360 | J8: =I8-H8 -> 0 | K8: Да
A10: Максимальное значение W среди вершин | B10: =MAX(D5:D8) -> 34000
A11: Контрольное значение | B11: 34000
A12: Примечание: максимум достигается в вершине B(60; 80).

Sheet Чувствительность
A1: Анализ чувствительности — Демонстрационный вариант
A3: Сценарий 1. Изменение коэффициента прибыли c₁ при сохранении текущего базиса
A4: c₁, руб. | B4: x₁ | C4: x₂ | D4: W | E4: Теневая цена y₁ | F4: Теневая цена y₂
A5: 260 | B5: ='Модель'!$B$2 -> 60 | C5: ='Модель'!$B$3 -> 80 | D5: =A5*B5+'Модель'!$C$3*C5 -> 31600 | E5: =(3*A5-2*'Модель'!$C$3)/8 -> 47.5 | F5: =(4*'Модель'!$C$3-2*A5)/8 -> 35
A6: 280 | B6: ='Модель'!$B$2 -> 60 | C6: ='Модель'!$B$3 -> 80 | D6: =A6*B6+'Модель'!$C$3*C6 -> 32800 | E6: =(3*A6-2*'Модель'!$C$3)/8 -> 55 | F6: =(4*'Модель'!$C$3-2*A6)/8 -> 30
A7: 300 | B7: ='Модель'!$B$2 -> 60 | C7: ='Модель'!$B$3 -> 80 | D7: =A7*B7+'Модель'!$C$3*C7 -> 34000 | E7: =(3*A7-2*'Модель'!$C$3)/8 -> 62.5 | F7: =(4*'Модель'!$C$3-2*A7)/8 -> 25
A8: 320 | B8: ='Модель'!$B$2 -> 60 | C8: ='Модель'!$B$3 -> 80 | D8: =A8*B8+'Модель'!$C$3*C8 -> 35200 | E8: =(3*A8-2*'Модель'!$C$3)/8 -> 70 | F8: =(4*'Модель'!$C$3-2*A8)/8 -> 20
A9: 340 | B9: ='Модель'!$B$2 -> 60 | C9: ='Модель'!$B$3 -> 80 | D9: =A9*B9+'Модель'!$C$3*C9 -> 36400 | E9: =(3*A9-2*'Модель'!$C$3)/8 -> 77.5 | F9: =(4*'Модель'!$C$3-2*A9)/8 -> 15
A11: Сценарий 2. Изменение запаса ресурса 1 b₁; ресурс 2 фиксирован
A12: b₁ | B12: x₁ | C12: x₂ | D12: W | E12: Теневая цена y₁ | F12: Теневая цена y₂
A13: 380 | B13: =(3*A13-2*'Модель'!$D$9)/8 -> 52.5 | C13: =(-2*A13+4*'Модель'!$D$9)/8 -> 85 | D13: ='Модель'!$C$2*B13+'Модель'!$C$3*C13 -> 32750 | E13: =(3*'Модель'!$C$2-2*'Модель'!$C$3)/8 -> 62.5 | F13: =(4*'Модель'!$C$3-2*'Модель'!$C$2)/8 -> 25
A14: 400 | B14: =(3*A14-2*'Модель'!$D$9)/8 -> 60 | C14: =(-2*A14+4*'Модель'!$D$9)/8 -> 80 | D14: ='Модель'!$C$2*B14+'Модель'!$C$3*C14 -> 34000 | E14: =(3*'Модель'!$C$2-2*'Модель'!$C$3)/8 -> 62.5 | F14: =(4*'Модель'!$C$3-2*'Модель'!$C$2)/8 -> 25
A15: 420 | B15: =(3*A15-2*'Модель'!$D$9)/8 -> 67.5 | C15: =(-2*A15+4*'Модель'!$D$9)/8 -> 75 | D15: ='Модель'!$C$2*B15+'Модель'!$C$3*C15 -> 35250 | E15: =(3*'Модель'!$C$2-2*'Модель'!$C$3)/8 -> 62.5 | F15: =(4*'Модель'!$C$3-2*'Модель'!$C$2)/8 -> 25
A16: 440 | B16: =(3*A16-2*'Модель'!$D$9)/8 -> 75 | C16: =(-2*A16+4*'Модель'!$D$9)/8 -> 70 | D16: ='Модель'!$C$2*B16+'Модель'!$C$3*C16 -> 36500 | E16: =(3*'Модель'!$C$2-2*'Модель'!$C$3)/8 -> 62.5 | F16: =(4*'Модель'!$C$3-2*'Модель'!$C$2)/8 -> 25
A17: 460 | B17: =(3*A17-2*'Модель'!$D$9)/8 -> 82.5 | C17: =(-2*A17+4*'Модель'!$D$9)/8 -> 65 | D17: ='Модель'!$C$2*B17+'Модель'!$C$3*C17 -> 37750 | E17: =(3*'Модель'!$C$2-2*'Модель'!$C$3)/8 -> 62.5 | F17: =(4*'Модель'!$C$3-2*'Модель'!$C$2)/8 -> 25
A19: Сценарий 3. Изменение запаса ресурса 2 b₂; ресурс 1 фиксирован
A20: b₂ | B20: x₁ | C20: x₂ | D20: W | E20: Теневая цена y₁ | F20: Теневая цена y₂
A21: 320 | B21: =(3*'Модель'!$D$8-2*A21)/8 -> 70 | C21: =(-2*'Модель'!$D$8+4*A21)/8 -> 60 | D21: ='Модель'!$C$2*B21+'Модель'!$C$3*C21 -> 33000 | E21: =(3*'Модель'!$C$2-2*'Модель'!$C$3)/8 -> 62.5 | F21: =(4*'Модель'!$C$3-2*'Модель'!$C$2)/8 -> 25
A22: 360 | B22: =(3*'Модель'!$D$8-2*A22)/8 -> 60 | C22: =(-2*'Модель'!$D$8+4*A22)/8 -> 80 | D22: ='Модель'!$C$2*B22+'Модель'!$C$3*C22 -> 34000 | E22: =(3*'Модель'!$C$2-2*'Модель'!$C$3)/8 -> 62.5 | F22: =(4*'Модель'!$C$3-2*'Модель'!$C$2)/8 -> 25
A23: 400 | B23: =(3*'Модель'!$D$8-2*A23)/8 -> 50 | C23: =(-2*'Модель'!$D$8+4*A23)/8 -> 100 | D23: ='Модель'!$C$2*B23+'Модель'!$C$3*C23 -> 35000 | E23: =(3*'Модель'!$C$2-2*'Модель'!$C$3)/8 -> 62.5 | F23: =(4*'Модель'!$C$3-2*'Модель'!$C$2)/8 -> 25
A25: Вывод: в приведённых диапазонах сохраняется тот же базис, поэтому формулы теневых цен остаются действительными.
A26: Для демонстрационного примера при увеличении b₁ с 400 до 410 ожидаемая прибыль 34 625 руб. (ΔW = 10 × 62,5 = 625), пока сохраняется базис. | B26: Для демонстрационного примера при увеличении b₁ с 400 до 410 ожидаемая прибыль 34 625 руб. (ΔW = 10 × 62,5 = 625), пока сохраняется базис. | C26: Для демонстрационного примера при увеличении b₁ с 400 до 410 ожидаемая прибыль 34 625 руб. (ΔW = 10 × 62,5 = 625), пока сохраняется базис. | D26: Для демонстрационного примера при увеличении b₁ с 400 до 410 ожидаемая прибыль 34 625 руб. (ΔW = 10 × 62,5 = 625), пока сохраняется базис. | E26: Для демонстрационного примера при увеличении b₁ с 400 до 410 ожидаемая прибыль 34 625 руб. (ΔW = 10 × 62,5 = 625), пока сохраняется базис. | F26: Для демонстрационного примера при увеличении b₁ с 400 до 410 ожидаемая прибыль 34 625 руб. (ΔW = 10 × 62,5 = 625), пока сохраняется базис.

Sheet Каноническая форма
A1: Каноническая форма — Демонстрационный вариант
A3: Задача | B3: Исходная модель | C3: Каноническая форма
A4: а) | B4: W = 5x₁ + 4x₂ → min; 2x₁ + 3x₂ ≥ 12; x₁ + x₂ ≤ 5; x₁, x₂ ≥ 0 | C4: W′ = −5x₁ − 4x₂ → max; 2x₁ + 3x₂ − x₃ + x₅ = 12; x₁ + x₂ + x₄ = 5; x₁, x₂, x₃, x₄, x₅ ≥ 0
A5: б) | B5: W = x₁ − 2x₂ → max; x₁ + x₂ = 8; x₁ − x₂ ≤ 2; x₂ ≥ 0; x₁ свободна | C5: x₁ = u − v; W = u − v − 2x₂ → max; u − v + x₂ = 8; u − v − x₂ + x₃ = 2; u, v, x₂, x₃ ≥ 0
A6: в) | B6: W = 300x₁ + 200x₂ → max; 4x₁ + 2x₂ ≤ 400; 2x₁ + 3x₂ ≤ 360; x₁, x₂ ≥ 0 | C6: W = 300x₁ + 200x₂ → max; 4x₁ + 2x₂ + x₃ = 400; 2x₁ + 3x₂ + x₄ = 360; x₁, x₂, x₃, x₄ ≥ 0
A8: Для задачи а) x₅ — искусственная переменная для начального базиса; далее она должна быть исключена. Для задачи б) свободная переменная заменена разностью u − v.

Sheet Настройка Solver
A1: Настройка «Поиска решения» — Демонстрационный вариант
A3: Параметр | B3: Значение | C3: Пояснение
A4: Целевая ячейка | B4: $B$5 | C4: Ячейка формулы целевой функции
A5: Направление | B5: Максимум | C5: Найти наибольшее значение W
A6: Изменяемые ячейки | B6: $B$2:$B$3 | C6: Переменные x₁ и x₂
A7: Ограничение 1 | B7: $E$8 <= $D$8 | C7: Расход ресурса 1 не превышает запас
A8: Ограничение 2 | B8: $E$9 <= $D$9 | C8: Расход ресурса 2 не превышает запас
A9: Неотрицательность | B9: $B$2:$B$3 >= 0 | C9: Или включить соответствующий флажок
A10: Метод решения | B10: Симплекс LP | C10: Для линейной целевой функции и ограничений
A12: Как запустить: Excel → Файл → Параметры → Надстройки → Надстройки Excel → Перейти → отметить «Поиск решения». Затем Данные → Поиск решения, заполнить параметры выше и выбрать «Симплекс LP». После решения можно сохранить отчёты «Результаты», «Устойчивость» и «Пределы».
